"0","sva_output$sv"
"1","     "
"1","         [,1]"
"1","          [,2]"
"1","
 [1,]"
"1"," -0.026983248"
"1","  0.0038535721"
"1","
 [2,]"
"1"," -0.007597230"
"1","  0.1986090347"
"1","
 [3,]"
"1","  0.076531419"
"1","  0.1978845416"
"1","
 [4,]"
"1"," -0.001278987"
"1","  0.0590610201"
"1","
 [5,]"
"1"," -0.020343126"
"1"," -0.0444919097"
"1","
 [6,]"
"1","  0.085323845"
"1"," -0.1915143242"
"1","
 [7,]"
"1","  0.072426823"
"1","  0.2016707032"
"1","
 [8,]"
"1","  0.083035694"
"1","  0.2161279886"
"1","
 [9,]"
"1"," -0.181673950"
"1"," -0.2087840606"
"1","
[10,]"
"1","  0.140157990"
"1","  0.0576586829"
"1","
[11,]"
"1","  0.035835416"
"1"," -0.1334639845"
"1","
[12,]"
"1","  0.001574665"
"1"," -0.0164367725"
"1","
[13,]"
"1","  0.139713855"
"1"," -0.0147543120"
"1","
[14,]"
"1"," -0.013956809"
"1","  0.1556559268"
"1","
[15,]"
"1","  0.065505132"
"1"," -0.2191961123"
"1","
[16,]"
"1"," -0.257650833"
"1"," -0.1330161208"
"1","
[17,]"
"1","  0.134195166"
"1","  0.0055749689"
"1","
[18,]"
"1"," -0.146789635"
"1","  0.0918960269"
"1","
[19,]"
"1","  0.100080273"
"1"," -0.0534643319"
"1","
[20,]"
"1"," -0.232046641"
"1","  0.0261669610"
"1","
[21,]"
"1"," -0.046444018"
"1"," -0.0625670186"
"1","
[22,]"
"1"," -0.174713061"
"1","  0.0001354757"
"1","
[23,]"
"1","  0.149315860"
"1","  0.0124487921"
"1","
[24,]"
"1"," -0.189247635"
"1"," -0.2158473391"
"1","
[25,]"
"1","  0.167657134"
"1","  0.2450032133"
"1","
[26,]"
"1","  0.092165947"
"1","  0.0086409576"
"1","
[27,]"
"1","  0.202781594"
"1"," -0.1515580944"
"1","
[28,]"
"1"," -0.130067157"
"1","  0.1326308078"
"1","
[29,]"
"1","  0.062533674"
"1"," -0.1200038799"
"1","
[30,]"
"1","  0.138159957"
"1","  0.0452027000"
"1","
[31,]"
"1"," -0.168918049"
"1","  0.0175852921"
"1","
[32,]"
"1"," -0.124955331"
"1","  0.2046734346"
"1","
[33,]"
"1"," -0.279377239"
"1","  0.1469665338"
"1","
[34,]"
"1","  0.172987590"
"1"," -0.1236058153"
"1","
[35,]"
"1"," -0.242187979"
"1","  0.1146487624"
"1","
[36,]"
"1","  0.176861131"
"1","  0.0471424781"
"1","
[37,]"
"1","  0.152201730"
"1"," -0.0283290289"
"1","
[38,]"
"1","  0.014543692"
"1","  0.1000545700"
"1","
[39,]"
"1","  0.175204958"
"1","  0.0204966974"
"1","
[40,]"
"1"," -0.188427459"
"1"," -0.0623063114"
"1","
[41,]"
"1"," -0.256406843"
"1","  0.0055896470"
"1","
[42,]"
"1"," -0.040494355"
"1"," -0.1903695186"
"1","
[43,]"
"1"," -0.098637784"
"1"," -0.2737560430"
"1","
[44,]"
"1","  0.133494194"
"1","  0.1233202778"
"1","
[45,]"
"1","  0.115104696"
"1","  0.1182179294"
"1","
[46,]"
"1","  0.155617114"
"1"," -0.1579519871"
"1","
[47,]"
"1","  0.145913217"
"1"," -0.1679166029"
"1","
[48,]"
"1","  0.044468403"
"1"," -0.1651973176"
"1","
[49,]"
"1"," -0.045455293"
"1"," -0.1327450397"
"1","
[50,]"
"1"," -0.049777852"
"1"," -0.0807084193"
"1","
[51,]"
"1"," -0.022647451"
"1","  0.0219974271"
"1","
[52,]"
"1"," -0.047869636"
"1","  0.0370739806"
"1","
[53,]"
"1"," -0.122940900"
"1","  0.0969249449"
"1","
[54,]"
"1"," -0.024720402"
"1","  0.1724906307"
"1","
[55,]"
"1","  0.078685190"
"1"," -0.1027067842"
"1","
[56,]"
"1","  0.001736851"
"1"," -0.0536303701"
"1","
[57,]"
"1","  0.027795690"
"1","  0.2189175192"
"1","
"
